[{
  "_id": {
    "$oid": "62647a55e08ca18a28afb6c5"
  },
  "orgid": {
    "$oid": "6263d2fb17033b23e05c0401"
  },
  "__v": 0,
  "assignments": [
    {
      "name": "Complete Team Charter",
      "description": "Complete your teams charter to begin working together.",
      "due": {
        "$date": {
          "$numberLong": "1651215600000"
        }
      },
      "data": [
        {
          "teamid": 1,
          "leader": {
            "_id": {
              "$oid": "6263cde7e08ca18a28afadf6"
            },
            "name": "john"
          },
          "todos": [
            {
              "content": "Our initial meetup",
              "userid": {
                "_id": {
                  "$oid": "6263cd7be08ca18a28afada4"
                },
                "name": "Ray"
              },
              "date": {
                "$date": {
                  "$numberLong": "1650870000000"
                }
              },
              "completed": true,
              "_id": {
                "$oid": "6264812e47b15920a26a2b0e"
              }
            },
            {
              "content": "Test To-Do",
              "userid": {
                "_id": {
                  "$oid": "62647bc48a674a8745fc177c"
                },
                "name": "Ray"
              },
              "date": {
                "$date": {
                  "$numberLong": "1650870000000"
                }
              },
              "completed": false,
              "_id": {
                "$oid": "626f4336d82978fd5c6d9851"
              }
            }
          ],
          "_id": {
            "$oid": "62647eb7164eb38bf96c75d7"
          }
        }
      ],
      "_id": {
        "$oid": "62647a558a674a8745fc1773"
      }
    },
    {
      "name": "Complete Course Pre-Survey",
      "description": "Complete your the survey to let us know your teams.",
      "due": {
        "$date": {
          "$numberLong": "1650006000000"
        }
      },
      "data": [
        {
          "teamid": 1,
          "leader": {
            "_id": {
              "$oid": "6263cdcce08ca18a28afade0"
            },
            "name": "sally"
          },
          "todos": [],
          "_id": {
            "$oid": "62647eb7164eb38bf96c75df"
          }
        }
      ],
      "_id": {
        "$oid": "62647a868a674a8745fc1777"
      }
    },
    {
      "name": "Problem Statement",
      "description": "Tell us what you're working on.",
      "due": {
        "$date": {
          "$numberLong": "1651734000000"
        }
      },
      "data": [
        {
          "teamid": 1,
          "leader": {
            "_id": {
              "$oid": "6263cdb0e08ca18a28afadca"
            },
            "name": "sarah"
          },
          "todos": [
            {
              "content": "Decide who we are helping",
              "userid": {
                "_id": {
                  "$oid": "6263cd7be08ca18a28afada4"
                },
                "name": "Ray"
              },
              "date": {
                "$date": {
                  "$numberLong": "1651561200000"
                }
              },
              "completed": true,
              "_id": {
                "$oid": "6264801747b15920a26a2ace"
              }
            }
          ],
          "_id": {
            "$oid": "62647eb7164eb38bf96c75e8"
          }
        }
      ],
      "_id": {
        "$oid": "62647bc48a674a8745fc177c"
      }
    },
    {
      "name": "User Research",
      "description": "What do the people want?",
      "due": {
        "$date": {
          "$numberLong": "1652338800000"
        }
      },
      "data": [
        {
          "teamid": 1,
          "leader": {
            "_id": {
              "$oid": "6263cd7be08ca18a28afada4"
            },
            "name": "ray"
          },
          "todos": [],
          "_id": {
            "$oid": "62647eb7164eb38bf96c75f2"
          }
        }
      ],
      "_id": {
        "$oid": "62647bd98a674a8745fc1782"
      }
    },
    {
      "name": "Prototype",
      "description": "Your proposed solution to the problem",
      "due": {
        "$date": {
          "$numberLong": "1652943600000"
        }
      },
      "data": [
        {
          "teamid": 1,
          "leader": {
            "_id": {
              "$oid": "6263cde7e08ca18a28afadf6"
            },
            "name": "john"
          },
          "todos": [],
          "_id": {
            "$oid": "62647eb7164eb38bf96c75fd"
          }
        }
      ],
      "_id": {
        "$oid": "62647c038a674a8745fc1789"
      }
    },
    {
      "name": "Product Deployment",
      "description": "Good job!",
      "due": {
        "$date": {
          "$numberLong": "1653548400000"
        }
      },
      "data": [
        {
          "teamid": 1,
          "leader": {
            "_id": {
              "$oid": "6263cdcce08ca18a28afade0"
            },
            "name": "sally"
          },
          "todos": [],
          "_id": {
            "$oid": "62647eb7164eb38bf96c7609"
          }
        }
      ],
      "_id": {
        "$oid": "62647c1c8a674a8745fc1791"
      }
    }
  ]
}]