[{
  "_id": {
    "$oid": "62648cc1e08ca18a28afc2c8"
  },
  "orgid": {
    "$oid": "6263d2fb17033b23e05c0401"
  },
  "teamid": 1,
  "__v": 0,
  "posts": [
    {
      "poster": {
        "$oid": "6263cde7e08ca18a28afadf6"
      },
      "date": {
        "$date": {
          "$numberLong": "1650697200000"
        }
      },
      "title": "Excited",
      "content": "Happy to be working with everyone",
      "reactions": [
        {
          "emoji": "😴",
          "users": [
            {
              "$oid": "6263cd7be08ca18a28afada4"
            }
          ],
          "_id": {
            "$oid": "62649eddfaf56c7c24e88691"
          }
        },
        {
          "emoji": "🙂",
          "users": [
            {
              "$oid": "6263cd7be08ca18a28afada4"
            }
          ],
          "_id": {
            "$oid": "62649ee7faf56c7c24e88699"
          }
        },
        {
          "emoji": "👍",
          "users": [
            {
              "$oid": "6263cd7be08ca18a28afada4"
            },
            {
              "$oid": "6263cde7e08ca18a28afadf6"
            }
          ],
          "_id": {
            "$oid": "62649ef1faf56c7c24e886a2"
          }
        },
        {
          "emoji": "❤",
          "users": [
            {
              "$oid": "6263cde7e08ca18a28afadf6"
            }
          ],
          "_id": {
            "$oid": "62649f37ca392b9d8c600cc6"
          }
        }
      ],
      "_id": {
        "$oid": "62648dc2eaa639b9f726f3e9"
      }
    },
    {
      "poster": {
        "$oid": "6263cde7e08ca18a28afadf6"
      },
      "date": {
        "$date": {
          "$numberLong": "1650783600000"
        }
      },
      "title": "Checking in",
      "content": "Everyone feeling ok today?",
      "reactions": [
        {
          "emoji": "😴",
          "users": [
            {
              "$oid": "6263cde7e08ca18a28afadf6"
            }
          ],
          "_id": {
            "$oid": "6269a370eed16f1baddd29bc"
          }
        }
      ],
      "_id": {
        "$oid": "62648dedeaa639b9f726f3f3"
      }
    },
    {
      "poster": {
        "$oid": "6263cd7be08ca18a28afada4"
      },
      "date": {
        "$date": {
          "$numberLong": "1650870000000"
        }
      },
      "title": "Great Meeting",
      "content": "I thought the meeting went great 🙂",
      "reactions": [
        {
          "emoji": "🥰",
          "users": [
            {
              "$oid": "6263cde7e08ca18a28afadf6"
            }
          ],
          "_id": {
            "$oid": "626a619682ce7be247a53c07"
          }
        }
      ],
      "_id": {
        "$oid": "62648e4490bda87b38e8b69f"
      }
    },
    {
      "poster": {
        "$oid": "6263cde7e08ca18a28afadf6"
      },
      "date": {
        "$date": {
          "$numberLong": "1651138983442"
        }
      },
      "title": "Test Post",
      "content": "It's Working!!!",
      "reactions": [],
      "_id": {
        "$oid": "626a61b282ce7be247a53c13"
      }
    },
    {
      "poster": {
        "$oid": "6263cde7e08ca18a28afadf6"
      },
      "date": {
        "$date": {
          "$numberLong": "1651139185126"
        }
      },
      "title": "Test Post 2",
      "content": "Please work",
      "reactions": [
        {
          "emoji": "🌋",
          "users": [
            {
              "$oid": "6263cde7e08ca18a28afadf6"
            }
          ],
          "_id": {
            "$oid": "626f4179d82978fd5c6d97db"
          }
        }
      ],
      "_id": {
        "$oid": "626a627f82ce7be247a53c2f"
      }
    }
  ]
},{
  "_id": {
    "$oid": "6268bc807821a970a359eb87"
  },
  "orgid": {
    "$oid": "621d26f81a997588eb8b7979"
  },
  "teamid": 1,
  "__v": 0,
  "posts": []
}]