[{
  "_id": {
    "$oid": "6264ac34e08ca18a28afd06b"
  },
  "orgid": {
    "$oid": "6263d2fb17033b23e05c0401"
  },
  "teamid": 1,
  "__v": 4,
  "baseCount": 3,
  "data": [
    {
      "completed": true,
      "name": "Meeting Times",
      "profile": null,
      "goals": null,
      "meetingTimes": [
        {
          "name": "Weekly Team Meeting",
          "weekday": 1,
          "start": 15,
          "end": 16,
          "_id": {
            "$oid": "6264b4ae7803395fe4521e92"
          }
        },
        {
          "name": "Deep Dive",
          "weekday": 5,
          "start": 1,
          "end": 3,
          "_id": {
            "$oid": "6264b4ae7803395fe4521e93"
          }
        }
      ],
      "_id": {
        "$oid": "6264ac34d41a4658de321ef2"
      }
    },
    {
      "completed": true,
      "name": "Goals",
      "profile": null,
      "goals": [
        "Get a 4.0",
        "Portfolio worthy product",
        "No stress"
      ],
      "meetingTimes": null,
      "_id": {
        "$oid": "6264ac34d41a4658de321ef3"
      }
    },
    {
      "completed": true,
      "name": "Profile",
      "profile": [
        {
          "name": "Ray",
          "email": "rayr@gmail.com",
          "phone": "206-111-1111",
          "_id": {
            "$oid": "626727297a9aead7fad88976"
          }
        },
        {
          "name": "Sarah",
          "email": "sarahs@outlook.com",
          "phone": "253-222-2222",
          "_id": {
            "$oid": "626727297a9aead7fad88977"
          }
        },
        {
          "name": "Johnny",
          "email": "john@uw.edu",
          "phone": "425-333-3333",
          "_id": {
            "$oid": "626727297a9aead7fad88978"
          }
        },
        {
          "name": "Sally",
          "email": "sally2000@yahoo.com",
          "phone": "808-444-4444",
          "_id": {
            "$oid": "626727297a9aead7fad88979"
          }
        }
      ],
      "goals": null,
      "meetingTimes": null,
      "_id": {
        "$oid": "6264ac34d41a4658de321ef4"
      }
    }
  ]
}]