[{
  "_id": {
    "$oid": "62648659e08ca18a28afbec6"
  },
  "orgid": {
    "$oid": "6263d2fb17033b23e05c0401"
  },
  "teamid": 1,
  "__v": 0,
  "message": [
    {
      "date": {
        "$date": {
          "$numberLong": "1650697200000"
        }
      },
      "sender": {
        "$oid": "6263cd7be08ca18a28afada4"
      },
      "content": "Hello team!",
      "flag": 0,
      "_id": {
        "$oid": "62648899384de0da5574125c"
      }
    },
    {
      "date": {
        "$date": {
          "$numberLong": "1650704400000"
        }
      },
      "sender": {
        "$oid": "6263cd7be08ca18a28afada4"
      },
      "content": "When do we want to have our first meeting?",
      "flag": 0,
      "_id": {
        "$oid": "626488cf889a31d4bdec0ff6"
      }
    },
    {
      "date": {
        "$date": {
          "$numberLong": "1650708000000"
        }
      },
      "sender": {
        "$oid": "6263cd7be08ca18a28afada4"
      },
      "content": "Does 5 tomorrow work?",
      "flag": 0,
      "_id": {
        "$oid": "626488db889a31d4bdec0ffc"
      }
    },
    {
      "date": {
        "$date": {
          "$numberLong": "1650736800000"
        }
      },
      "sender": {
        "$oid": "6263cdb0e08ca18a28afadca"
      },
      "content": "5 works",
      "flag": 0,
      "_id": {
        "$oid": "6264899c08eb1def0c3d98a2"
      }
    },
    {
      "date": {
        "$date": {
          "$numberLong": "1650740400000"
        }
      },
      "sender": {
        "$oid": "6263cd7be08ca18a28afada4"
      },
      "content": "!meeting at 5pm, april 24th",
      "flag": 1,
      "_id": {
        "$oid": "62648a1253705fd4d12d3092"
      }
    },
    {
      "date": {
        "$date": {
          "$numberLong": "1650826800000"
        }
      },
      "sender": {
        "$oid": "6263cd7be08ca18a28afada4"
      },
      "content": "don't forget we have a meeting today !important",
      "flag": 2,
      "_id": {
        "$oid": "62648a3453705fd4d12d309b"
      }
    },
    {
      "date": {
        "$date": {
          "$numberLong": "1650830400000"
        }
      },
      "sender": {
        "$oid": "6263cde7e08ca18a28afadf6"
      },
      "content": "👍",
      "flag": 0,
      "_id": {
        "$oid": "62648a95cf4b959a27081276"
      }
    },
    {
      "date": {
        "$date": {
          "$numberLong": "1651089395268"
        }
      },
      "sender": {
        "$oid": "6263cde7e08ca18a28afadf6"
      },
      "content": "How is everyone today?",
      "flag": 0,
      "_id": {
        "$oid": "62699ff3eed16f1baddd2986"
      }
    },
    {
      "date": {
        "$date": {
          "$numberLong": "1651138938094"
        }
      },
      "sender": {
        "$oid": "6263cde7e08ca18a28afadf6"
      },
      "content": "I'm tired :(",
      "flag": 0,
      "_id": {
        "$oid": "626a617a82ce7be247a53bce"
      }
    }
  ]
},{
  "_id": {
    "$oid": "6268b7d47821a970a359ea7f"
  },
  "orgid": {
    "$oid": "621d26f81a997588eb8b7979"
  },
  "teamid": 1,
  "__v": 0,
  "message": []
}]