[{
  "_id": {
    "$oid": "6263d2fb17033b23e05c0401"
  },
  "name": "INFO 490 - Capstone",
  "admin": {
    "$oid": "6263ce08e08ca18a28afae10"
  },
  "description": "Good Luck!",
  "accessCode": "testAccCode",
  "members": [
    {
      "$oid": "6263cde7e08ca18a28afadf6"
    },
    {
      "$oid": "6263cd7be08ca18a28afada4"
    },
    {
      "$oid": "6263cdb0e08ca18a28afadca"
    },
    {
      "$oid": "6263cdcce08ca18a28afade0"
    }
  ],
  "teams": [
    {
      "members": [],
      "teamid": 2,
      "name": "Bad Team"
    },
    {
      "members": [
        {
          "$oid": "6263cde7e08ca18a28afadf6"
        },
        {
          "$oid": "6263cdcce08ca18a28afade0"
        },
        {
          "$oid": "6263cdb0e08ca18a28afadca"
        },
        {
          "$oid": "6263cd7be08ca18a28afada4"
        }
      ],
      "teamid": 1,
      "name": "Tadashi",
      "_id": {
        "$oid": "6263d58296cf9de24419e125"
      }
    }
  ],
  "__v": 1
},{
  "_id": {
    "$oid": "6263d33617033b23e05c0406"
  },
  "name": "CSE 410 - Hardware",
  "admin": {
    "$oid": "6263ce08e08ca18a28afae10"
  },
  "description": "oof",
  "accessCode": "testAccCode",
  "members": [
    {
      "$oid": "6263cde7e08ca18a28afadf6"
    },
    {
      "$oid": "626b568f3a71133e71403bb5"
    }
  ],
  "teams": [],
  "__v": 0
},{
  "_id": {
    "$oid": "6263d3e9980906c5be9b0dbb"
  },
  "name": "RSO - Party Time",
  "admin": {
    "$oid": "6263cd7be08ca18a28afada4"
  },
  "description": "Cut loose",
  "accessCode": "testAccCode",
  "members": [
    {
      "$oid": "6263cde7e08ca18a28afadf6"
    },
    {
      "$oid": "626b568f3a71133e71403bb5"
    }
  ],
  "teams": [],
  "__v": 0
},{
  "_id": {
    "$oid": "6264cabdb8316fb9abab84d4"
  },
  "name": "RSO - Hackathon",
  "admin": {
    "$oid": "6263cde7e08ca18a28afadf6"
  },
  "description": "Time to build stuff",
  "accessCode": "testAccCode",
  "members": [],
  "teams": [],
  "__v": 0
}]