[{
  "_id": {
    "$oid": "6263cd7be08ca18a28afada4"
  },
  "email": "ray@uw.edu",
  "__v": 0,
  "admin": [
    {
      "$oid": "6263d3e9980906c5be9b0dbb"
    }
  ],
  "displayName": "ray",
  "orgs": [
    {
      "_id": {
        "$oid": "6263d2fb17033b23e05c0401"
      },
      "name": "Tadashi",
      "teamid": 1
    }
  ],
  "hash": "JVrqB9xvs+zGbrjJxlR4m3mIopDk49/83Pnma0y8Ye1uhHQa746Nxe6aX8dvKVczo90yB+bsv9KSJpDwfeEFHQ==",
  "salt": "h6WfiPEySlJ6iiO9sOOXan24xLRo4db9yqocLapJaJZj3PVOjTjbfRDefzlwAaGmZfVCqgFcdAb5BWY3f/PLMk8klhToAqlpsv1JGOuh954cw15nX+bR1g0DJfDCD2kpN0a9mfE/7KoiiDtv9VFmi1QH7rZ7dd5KXs10hHa72aM="
},{
  "_id": {
    "$oid": "6263cdb0e08ca18a28afadca"
  },
  "email": "sarah@uw.edu",
  "__v": 0,
  "admin": [],
  "displayName": "sarah",
  "orgs": [
    {
      "_id": {
        "$oid": "6263d2fb17033b23e05c0401"
      },
      "name": "Tadashi",
      "teamid": 1
    }
  ],
  "hash": "JVrqB9xvs+zGbrjJxlR4m3mIopDk49/83Pnma0y8Ye1uhHQa746Nxe6aX8dvKVczo90yB+bsv9KSJpDwfeEFHQ==",
  "salt": "h6WfiPEySlJ6iiO9sOOXan24xLRo4db9yqocLapJaJZj3PVOjTjbfRDefzlwAaGmZfVCqgFcdAb5BWY3f/PLMk8klhToAqlpsv1JGOuh954cw15nX+bR1g0DJfDCD2kpN0a9mfE/7KoiiDtv9VFmi1QH7rZ7dd5KXs10hHa72aM="
},{
  "_id": {
    "$oid": "6263cdcce08ca18a28afade0"
  },
  "email": "sally@uw.edu",
  "__v": 0,
  "admin": [],
  "displayName": "sally",
  "orgs": [
    {
      "_id": {
        "$oid": "6263d2fb17033b23e05c0401"
      },
      "name": "Tadashi",
      "teamid": 1
    }
  ],
  "hash": "JVrqB9xvs+zGbrjJxlR4m3mIopDk49/83Pnma0y8Ye1uhHQa746Nxe6aX8dvKVczo90yB+bsv9KSJpDwfeEFHQ==",
  "salt": "h6WfiPEySlJ6iiO9sOOXan24xLRo4db9yqocLapJaJZj3PVOjTjbfRDefzlwAaGmZfVCqgFcdAb5BWY3f/PLMk8klhToAqlpsv1JGOuh954cw15nX+bR1g0DJfDCD2kpN0a9mfE/7KoiiDtv9VFmi1QH7rZ7dd5KXs10hHa72aM="
},{
  "_id": {
    "$oid": "6263cde7e08ca18a28afadf6"
  },
  "email": "john@uw.edu",
  "__v": 0,
  "admin": [
    {
      "$oid": "6264cabdb8316fb9abab84d4"
    }
  ],
  "displayName": "Johnny",
  "orgs": [
    {
      "_id": {
        "$oid": "6263d2fb17033b23e05c0401"
      },
      "name": "Tadashi",
      "teamid": 1
    },
    {
      "_id": {
        "$oid": "6263d33617033b23e05c0406"
      }
    },
    {
      "_id": {
        "$oid": "6263d3e9980906c5be9b0dbb"
      }
    }
  ],
  "salt": "h6WfiPEySlJ6iiO9sOOXan24xLRo4db9yqocLapJaJZj3PVOjTjbfRDefzlwAaGmZfVCqgFcdAb5BWY3f/PLMk8klhToAqlpsv1JGOuh954cw15nX+bR1g0DJfDCD2kpN0a9mfE/7KoiiDtv9VFmi1QH7rZ7dd5KXs10hHa72aM=",
  "hash": "JVrqB9xvs+zGbrjJxlR4m3mIopDk49/83Pnma0y8Ye1uhHQa746Nxe6aX8dvKVczo90yB+bsv9KSJpDwfeEFHQ=="
},{
  "_id": {
    "$oid": "6263ce08e08ca18a28afae10"
  },
  "email": "admin@uw.edu",
  "__v": 0,
  "admin": [
    {
      "$oid": "6263d2fb17033b23e05c0401"
    },
    {
      "$oid": "6263d33617033b23e05c0406"
    }
  ],
  "displayName": "admin",
  "orgs": [],
  "hash": "JVrqB9xvs+zGbrjJxlR4m3mIopDk49/83Pnma0y8Ye1uhHQa746Nxe6aX8dvKVczo90yB+bsv9KSJpDwfeEFHQ==",
  "salt": "h6WfiPEySlJ6iiO9sOOXan24xLRo4db9yqocLapJaJZj3PVOjTjbfRDefzlwAaGmZfVCqgFcdAb5BWY3f/PLMk8klhToAqlpsv1JGOuh954cw15nX+bR1g0DJfDCD2kpN0a9mfE/7KoiiDtv9VFmi1QH7rZ7dd5KXs10hHa72aM="
},{
  "_id": {
    "$oid": "626b568f3a71133e71403bb5"
  },
  "email": "nujabes@uw.edu",
  "__v": 0,
  "admin": [],
  "displayName": "Nujabes",
  "hash": "JVrqB9xvs+zGbrjJxlR4m3mIopDk49/83Pnma0y8Ye1uhHQa746Nxe6aX8dvKVczo90yB+bsv9KSJpDwfeEFHQ==",
  "orgs": [
    {
      "_id": {
        "$oid": "6263d3e9980906c5be9b0dbb"
      }
    },
    {
      "_id": {
        "$oid": "6263d33617033b23e05c0406"
      }
    }
  ],
  "salt": "h6WfiPEySlJ6iiO9sOOXan24xLRo4db9yqocLapJaJZj3PVOjTjbfRDefzlwAaGmZfVCqgFcdAb5BWY3f/PLMk8klhToAqlpsv1JGOuh954cw15nX+bR1g0DJfDCD2kpN0a9mfE/7KoiiDtv9VFmi1QH7rZ7dd5KXs10hHa72aM="
},{
  "_id": {
    "$oid": "626b5ee23a71133e7140407c"
  },
  "email": "miyazaki@uw.edu",
  "__v": 0,
  "admin": [],
  "displayName": "Miyazaki",
  "hash": "3+mHS6VSao68WOV7+QXU/U6cn/Crswo7JTkvfSLi469bV/COEs7bssydK4P7GiINySNoP42iq5TGrrRcrwfL7Q==",
  "orgs": [],
  "salt": "YkpWzT/VgK9RTQcMXtFUPCacVTLARYBNb5CxKR2eVgwmQ1jAMmlMidIlgvUiTdZlL182xkk15JEI3oVapLjsH8gzEnRoOYpf96WIwSb1FYK1RWFNKzIY+u0/A5Rrw1JmNqL67Yze2KYXqYpDvjSh45RO9MNTvyozaEIkyNsfphQ="
},{
  "_id": {
    "$oid": "626ce2773a71133e71408a69"
  },
  "email": "snoop@uw.edu",
  "__v": 0,
  "admin": [],
  "displayName": "dog",
  "hash": "dfrHB2Z2BmBJC1N1LJo9qWVienDEZjuIi/i+ftwq6nhlMiiW8Z96Vk2Eh2hfjTsuCVMdfzemTc2Yumr6WGOkLA==",
  "orgs": [],
  "salt": "y9S1H50AjIMAUQgYXdv5KxKdNdRJMSUtXvIsXA6y/eFTIJamEvXdPaa/LczIPlOe/dNhCAVOrniJAa0BfgPxOPURjR3mu3tGI88uD3HyS95QPfk2oBeJZgt2iTvQHpTwiK7dsZsNQ3NP6OT6/PH60ccKB5GJ6L2ImY6yO95Fz/g="
},{
  "_id": {
    "$oid": "626ce3cd3a71133e71408b14"
  },
  "email": "vader@uw.edu",
  "__v": 0,
  "admin": [],
  "displayName": "Darth Vader",
  "hash": "fbgjA6K5JRcfVwhC2l6LZQ8YQ65qalyxHjbKgfF/hCKrVwUZUItSoANe4XxF2sb+EX+DsIttEQ3XP88uGQKSHg==",
  "orgs": [],
  "salt": "BduF2pcXoBkkWVOF7RWR/MEv6uItfxSLh2S/JAZTQ5mSOPfZPdS8Gj6RduKLLOE74XBYRdz2q2TtVvdD6lCVpMd7rXawG8Yyf2uuhegoBNB75p+UT/ihMUObTz67051chtYG7gfQ87u0hQhKE7KKJRU7K0N5zWxNXAGCoDSjvTI="
}]